ticker,date,sentiment_score,d1_return,d3_return,verdict

LAUR,2026-07-30,0.52,-0.26,-1.74,BEAT
AAPL,2026-04-30,0.43,3.24,4.73,BEAT
NVDA,2026-08-26,0.39,8.74,5.3,BEAT
ORCL,2026-06-10,0.52,-8.53,-4.28,BEAT
META,2026-07-29,0.4,-7.95,0.79,MISS
SPCX,2026-08-04,0.39,-13.61,6.21,BEAT
ORCL,2026-03-10,0.38,9.18,3.82,BEAT
ORCL,2025-12-10,0.6,-10.83,-17.08,BEAT
ORCL,2025-03-10,0.4,-3.1,-0.76,MISS
ORCL,2024-12-09,0.49,-6.67,-7.94,MISS
ORCL,2024-09-09,0.38,11.44,15.36,MISS
ORCL,2024-06-11,0.38,13.32,11.5,MISS
SMCI,2026-08-18,0.42,-2.22,-0.45,BEAT
SMCI,2026-05-05,0.16,24.54,27.09,MISS
MSFT,2026-01-28,0.34,-9.99,-12.1,BEAT
AMZN,2026-08-07,0.41,1.32,-2.62,BEAT
MTB,2026-07-15,0.34,2.22,0.37,BEAT
META,2026-04-29,0.33,-8.55,-8.77,BEAT
PLTR,2026-08-10,0.38,-0.17,2.16,BEAT
ZETA,2026-08-11,0.41,-2.06,-0.34,MISS
ARM,2025-11-05,0.6,-1.21,-3.34,MISS
TSLA,2026-08-05,0.26,-0.63,2.9,MISS
MS,2026-07-15,0.61,-4.45,-7.71,MISS
MET,2026-08-13,0.53,0.19,-0.76,BEAT
NYT,2026-08-12,0.35,0.28,2.06,BEAT
EVGO,2026-08-12,0.29,4.43,-1.9,BEAT
GOOGL,2026-04-29,0.51,9.96,9.52,BEAT
AMZN,2026-04-29,0.32,0.77,3.43,BEAT
AMZN,2025-10-31,0.43,4.0,2.45,BEAT
NVDA,2026-08-31,0.39,-1.51,3.47,BEAT
